transaction_id,customer_id,product_name,category,amount,quantity,transaction_date,status,region,amount_had_negative
101,CUST6644,1b9bc7b7376e6c5c0f1042dfdd42ac68017d8cee72988967d7c670d40c466c85,Groceries,1347.86,7,2024-05-18,COMPLETED,North,0
102,CUST8745,643aa97e949c9c353aaff710e5adddb2017ecf3ae9d5cf563bc85c18e5d3aa2c,Furniture,1652.85,8,2024-07-06,COMPLETED,Central,0
103,CUST7119,6c455f5e6343aad487017e00afd6e0b8ba5b3f2adc65ed8d9de409844a7def13,Groceries,926.4,9,2024-03-19,COMPLETED,West,0
104,CUST9194,f816a74c2310179d8785838dfadd3f6fdaf7e857cce144acd6433199c8fa53d3,Furniture,194.45,5,2024-03-19,COMPLETED,North,0
105,CUST2071,2e5a38b444f293beaebfa8dc591eae9ffb528ecbffe1b876aeae34e6a12e10e8,Electronics,1481.07,4,2024-11-24,COMPLETED,South,0
106,CUST7685,8189b8409b18b1ef215ec2f2d8da515cdc7cc21a4b7cd35482b66bede2275d02,Groceries,1761.08,10,2024-06-13,COMPLETED,North,0
107,CUST8113,e155ec294b8d6651edb44cdf076b10da94971a3c882d1cf2a28750a1c051eb78,Clothing,962.83,5,2024-08-14,COMPLETED,South,0
108,CUST1904,b5efa9ec3f5f8d45fc05aa5c0a835177e24211b8fda91dd28f258f765f3edb27,Clothing,757.79,9,2024-11-17,COMPLETED,South,0
109,CUST7368,f816a74c2310179d8785838dfadd3f6fdaf7e857cce144acd6433199c8fa53d3,Furniture,825.84,9,2024-06-02,COMPLETED,North,0
110,CUST2296,2e5a38b444f293beaebfa8dc591eae9ffb528ecbffe1b876aeae34e6a12e10e8,Electronics,638.62,10,2024-03-26,COMPLETED,Central,0
111,CUST7223,dc34efd49ed738bf4500db367292164166989cb15773026e9e185b78292bbc89,Clothing,1276.53,4,2024-07-16,COMPLETED,South,0
112,CUST4027,4e84b8359beaed1f56f2925ad1cab0486441525f195f640c7a81545bd1eb3039,Clothing,1540.29,2,2024-08-18,COMPLETED,South,0
113,CUST2059,86df32cf524cade04ae84fff930d96d10f8a66fd1822200416cd8f11e842160e,Electronics,1123.68,6,2024-08-13,COMPLETED,West,0
114,CUST7292,a6f10bde1cb3b4d0c3a51b3bf3746c41920093f27b8c5a9f438e31903810099e,Books,1465.24,2,2024-01-22,COMPLETED,North,0
115,CUST6452,16d1c9050a0b32e83764a81d801a880773abedfd7f8b0b08a1cd87ca0e404f12,Furniture,687.85,5,2024-02-02,COMPLETED,North,0
116,CUST1834,1b9bc7b7376e6c5c0f1042dfdd42ac68017d8cee72988967d7c670d40c466c85,Groceries,850.35,8,2024-02-22,COMPLETED,East,0
117,CUST9096,16d1c9050a0b32e83764a81d801a880773abedfd7f8b0b08a1cd87ca0e404f12,Furniture,810.26,4,2024-04-25,COMPLETED,South,0
118,CUST6420,6c455f5e6343aad487017e00afd6e0b8ba5b3f2adc65ed8d9de409844a7def13,Groceries,1584.53,7,2024-10-01,COMPLETED,Central,0
119,CUST5111,e074763cb375d9abd33d16d13586d68714c4a9c215cbd3391f7706c038403b4b,Clothing,915.13,6,2024-03-25,COMPLETED,West,0
120,CUST3423,e882154bb2efd87356681a6ed0485cb51511d9e61f17235aebd7830fbe91e1c0,Groceries,946.3,2,2024-02-08,COMPLETED,South,0
121,CUST7999,1b9bc7b7376e6c5c0f1042dfdd42ac68017d8cee72988967d7c670d40c466c85,Groceries,1875.17,5,2024-06-08,COMPLETED,North,0
122,CUST4473,e34a879c8b8b67effd9e14878e1443829419cf2aba09a03252d2a4f137e49941,Electronics,633.82,9,2024-09-11,COMPLETED,Central,0
123,CUST6266,6c455f5e6343aad487017e00afd6e0b8ba5b3f2adc65ed8d9de409844a7def13,Groceries,936.67,9,2024-11-20,COMPLETED,Central,0
124,CUST3085,63dceb8800b2dd4af9567a1f54f03b7c3dbdc27fac4799091ebfcc4928899ee5,Electronics,98.01,10,2024-09-10,COMPLETED,Central,0
125,CUST3180,f1c1f57728f932efde20e53703ee5f96b1cebdc15b8578b7faa727c89dbfe03f,Groceries,471.74,9,2024-08-01,COMPLETED,Central,0
126,CUST3746,dc34efd49ed738bf4500db367292164166989cb15773026e9e185b78292bbc89,Clothing,1832.78,8,2024-03-04,COMPLETED,Central,0
127,CUST1239,f816a74c2310179d8785838dfadd3f6fdaf7e857cce144acd6433199c8fa53d3,Furniture,1953.85,7,2024-12-31,COMPLETED,North,0
128,CUST5318,a6f10bde1cb3b4d0c3a51b3bf3746c41920093f27b8c5a9f438e31903810099e,Books,493.75,2,2024-05-21,COMPLETED,North,0
129,CUST3448,dc34efd49ed738bf4500db367292164166989cb15773026e9e185b78292bbc89,Clothing,1236.75,8,2024-11-04,COMPLETED,South,0
130,CUST5807,210e51e019366706681f12e78b4f8396fb598b04074eb44faf0a8ad6a6930a70,Furniture,1465.58,4,2024-07-31,COMPLETED,Central,0
131,CUST9558,e155ec294b8d6651edb44cdf076b10da94971a3c882d1cf2a28750a1c051eb78,Clothing,535.86,10,2024-12-13,COMPLETED,East,0
132,CUST6984,942dbeda91719a578e95f5d395aee8f7d9f4dcfbcfd27b18e61e9685d6fcad24,Books,620.22,4,2024-02-21,COMPLETED,North,0
133,CUST4976,643aa97e949c9c353aaff710e5adddb2017ecf3ae9d5cf563bc85c18e5d3aa2c,Furniture,1794.46,1,2024-09-28,COMPLETED,Central,0
134,CUST9842,e34a879c8b8b67effd9e14878e1443829419cf2aba09a03252d2a4f137e49941,Electronics,1937.87,4,2024-05-17,COMPLETED,West,0
135,CUST4139,e882154bb2efd87356681a6ed0485cb51511d9e61f17235aebd7830fbe91e1c0,Groceries,99.31,1,2024-08-19,COMPLETED,Central,0
136,CUST3384,f56648cd7573460b58fb9642f7e660b6d095ef1e7235f65464f6a3df763728de,Furniture,1415.64,5,2024-07-28,COMPLETED,East,0
137,CUST7084,e34a879c8b8b67effd9e14878e1443829419cf2aba09a03252d2a4f137e49941,Electronics,80.96,9,2024-02-14,COMPLETED,South,0
138,CUST1345,15af50a07d8a67856f62249fbb016130df248453189ff665c863634ef7a76bfd,Electronics,1527.07,9,2024-09-18,COMPLETED,South,0
139,CUST4419,2e5a38b444f293beaebfa8dc591eae9ffb528ecbffe1b876aeae34e6a12e10e8,Electronics,106.76,4,2024-01-16,COMPLETED,South,0
140,CUST9865,643aa97e949c9c353aaff710e5adddb2017ecf3ae9d5cf563bc85c18e5d3aa2c,Furniture,1229.3,6,2024-07-05,COMPLETED,West,0
141,CUST3841,643aa97e949c9c353aaff710e5adddb2017ecf3ae9d5cf563bc85c18e5d3aa2c,Furniture,194.09,3,2024-10-19,COMPLETED,East,0
142,CUST1374,210e51e019366706681f12e78b4f8396fb598b04074eb44faf0a8ad6a6930a70,Furniture,479.25,2,2024-08-21,COMPLETED,North,0
143,CUST3230,15af50a07d8a67856f62249fbb016130df248453189ff665c863634ef7a76bfd,Electronics,72.42,6,2024-01-07,COMPLETED,Central,0
144,CUST5341,f1c1f57728f932efde20e53703ee5f96b1cebdc15b8578b7faa727c89dbfe03f,Groceries,746.94,8,2024-03-14,COMPLETED,North,0
145,CUST5944,e882154bb2efd87356681a6ed0485cb51511d9e61f17235aebd7830fbe91e1c0,Groceries,182.95,2,2024-09-09,COMPLETED,South,0
146,CUST5172,e155ec294b8d6651edb44cdf076b10da94971a3c882d1cf2a28750a1c051eb78,Clothing,1551.48,3,2024-04-09,COMPLETED,North,0
147,CUST8773,a6f10bde1cb3b4d0c3a51b3bf3746c41920093f27b8c5a9f438e31903810099e,Books,184.13,5,2024-06-23,COMPLETED,South,0
148,CUST4426,e34a879c8b8b67effd9e14878e1443829419cf2aba09a03252d2a4f137e49941,Electronics,618.66,5,2024-02-01,COMPLETED,South,0
149,CUST2313,4e84b8359beaed1f56f2925ad1cab0486441525f195f640c7a81545bd1eb3039,Clothing,859.38,3,2024-07-22,COMPLETED,South,0
150,CUST4223,a6f10bde1cb3b4d0c3a51b3bf3746c41920093f27b8c5a9f438e31903810099e,Books,610.48,1,2024-05-10,COMPLETED,East,0
151,CUST8596,e34a879c8b8b67effd9e14878e1443829419cf2aba09a03252d2a4f137e49941,Electronics,424.51,2,2024-07-23,COMPLETED,West,0
152,CUST5160,2e5a38b444f293beaebfa8dc591eae9ffb528ecbffe1b876aeae34e6a12e10e8,Electronics,1357.77,8,2024-01-09,COMPLETED,East,0
153,CUST9343,b5efa9ec3f5f8d45fc05aa5c0a835177e24211b8fda91dd28f258f765f3edb27,Clothing,893.02,9,2024-01-09,COMPLETED,South,0
154,CUST8311,f816a74c2310179d8785838dfadd3f6fdaf7e857cce144acd6433199c8fa53d3,Furniture,887.71,2,2024-04-19,COMPLETED,North,0
155,CUST3399,0e769600933790607b2a13b33ddfade0fa17810eb62c3b28ee23e59516516491,Books,433.82,6,2024-01-23,COMPLETED,South,0
156,CUST5612,1b9bc7b7376e6c5c0f1042dfdd42ac68017d8cee72988967d7c670d40c466c85,Groceries,1153.65,4,2024-09-09,COMPLETED,South,0
157,CUST5990,942dbeda91719a578e95f5d395aee8f7d9f4dcfbcfd27b18e61e9685d6fcad24,Books,465.14,4,2024-02-11,COMPLETED,West,0
158,CUST7837,6c455f5e6343aad487017e00afd6e0b8ba5b3f2adc65ed8d9de409844a7def13,Groceries,559.44,7,2024-12-21,COMPLETED,West,0
159,CUST6326,b5efa9ec3f5f8d45fc05aa5c0a835177e24211b8fda91dd28f258f765f3edb27,Clothing,918.81,7,2024-10-10,COMPLETED,North,0
160,CUST5647,0e769600933790607b2a13b33ddfade0fa17810eb62c3b28ee23e59516516491,Books,665.31,3,2024-10-15,COMPLETED,South,0
161,CUST4973,a6f10bde1cb3b4d0c3a51b3bf3746c41920093f27b8c5a9f438e31903810099e,Books,464.07,4,2024-10-26,COMPLETED,West,0
162,CUST1448,e074763cb375d9abd33d16d13586d68714c4a9c215cbd3391f7706c038403b4b,Clothing,1188.51,6,2024-07-10,COMPLETED,North,0
163,CUST1378,63dceb8800b2dd4af9567a1f54f03b7c3dbdc27fac4799091ebfcc4928899ee5,Electronics,914.37,7,2024-07-20,COMPLETED,North,0
164,CUST2746,0e769600933790607b2a13b33ddfade0fa17810eb62c3b28ee23e59516516491,Books,1567.27,1,2024-12-19,COMPLETED,South,0
165,CUST9969,a6f10bde1cb3b4d0c3a51b3bf3746c41920093f27b8c5a9f438e31903810099e,Books,1520.36,7,2024-10-28,COMPLETED,North,0
166,CUST9680,f1c1f57728f932efde20e53703ee5f96b1cebdc15b8578b7faa727c89dbfe03f,Groceries,250.43,6,2024-12-22,COMPLETED,East,0
167,CUST8128,6c455f5e6343aad487017e00afd6e0b8ba5b3f2adc65ed8d9de409844a7def13,Groceries,937.26,4,2024-07-08,COMPLETED,South,0
168,CUST9211,e882154bb2efd87356681a6ed0485cb51511d9e61f17235aebd7830fbe91e1c0,Groceries,853.03,6,2024-12-12,COMPLETED,West,0
169,CUST8148,e882154bb2efd87356681a6ed0485cb51511d9e61f17235aebd7830fbe91e1c0,Groceries,647.7,9,2024-12-01,COMPLETED,South,0
170,CUST9644,4e84b8359beaed1f56f2925ad1cab0486441525f195f640c7a81545bd1eb3039,Clothing,455.77,6,2024-08-09,COMPLETED,East,0
171,CUST4044,f1c1f57728f932efde20e53703ee5f96b1cebdc15b8578b7faa727c89dbfe03f,Groceries,357.24,1,2024-10-12,COMPLETED,East,0
172,CUST9028,e155ec294b8d6651edb44cdf076b10da94971a3c882d1cf2a28750a1c051eb78,Clothing,1107.12,10,2024-05-15,COMPLETED,Central,0
173,CUST5963,e155ec294b8d6651edb44cdf076b10da94971a3c882d1cf2a28750a1c051eb78,Clothing,815.37,9,2024-09-25,COMPLETED,West,0
174,CUST1568,9d948c73e0ad7a5a213a5e7e00b962531ca6b07992a06bd8c2fc2ac5ae23c51b,Books,1647.08,3,2024-07-02,COMPLETED,Central,0
175,CUST7801,643aa97e949c9c353aaff710e5adddb2017ecf3ae9d5cf563bc85c18e5d3aa2c,Furniture,1889.73,10,2024-03-03,COMPLETED,North,0
176,CUST1582,f816a74c2310179d8785838dfadd3f6fdaf7e857cce144acd6433199c8fa53d3,Furniture,1811.66,3,2024-10-07,COMPLETED,Central,0
177,CUST5170,dc34efd49ed738bf4500db367292164166989cb15773026e9e185b78292bbc89,Clothing,1549.75,2,2024-06-22,COMPLETED,East,0
178,CUST5686,210e51e019366706681f12e78b4f8396fb598b04074eb44faf0a8ad6a6930a70,Furniture,1354.73,5,2024-07-25,COMPLETED,North,0
179,CUST8946,6c455f5e6343aad487017e00afd6e0b8ba5b3f2adc65ed8d9de409844a7def13,Groceries,1766.6,3,2024-12-28,COMPLETED,Central,0
180,CUST8981,6c455f5e6343aad487017e00afd6e0b8ba5b3f2adc65ed8d9de409844a7def13,Groceries,1384.6,10,2024-08-17,COMPLETED,Central,0
181,CUST1480,643aa97e949c9c353aaff710e5adddb2017ecf3ae9d5cf563bc85c18e5d3aa2c,Furniture,1834.64,3,2024-11-15,COMPLETED,Central,0
182,CUST4114,e074763cb375d9abd33d16d13586d68714c4a9c215cbd3391f7706c038403b4b,Clothing,1488.13,1,2024-10-11,COMPLETED,Central,0
183,CUST3257,63dceb8800b2dd4af9567a1f54f03b7c3dbdc27fac4799091ebfcc4928899ee5,Electronics,85.2,8,2024-07-30,COMPLETED,South,0
184,CUST5574,efa9a3729d47c5c47c0c763107f82dbeb8ba63e479274b2661edf418850791fb,Books,1422.1,10,2024-08-20,COMPLETED,Central,0
185,CUST1808,e882154bb2efd87356681a6ed0485cb51511d9e61f17235aebd7830fbe91e1c0,Groceries,966.64,8,2024-12-04,COMPLETED,South,0
186,CUST6524,1b9bc7b7376e6c5c0f1042dfdd42ac68017d8cee72988967d7c670d40c466c85,Groceries,304.73,3,2024-06-10,COMPLETED,North,0
187,CUST3354,dc34efd49ed738bf4500db367292164166989cb15773026e9e185b78292bbc89,Clothing,773.78,6,2024-12-16,COMPLETED,North,0
188,CUST6714,2e5a38b444f293beaebfa8dc591eae9ffb528ecbffe1b876aeae34e6a12e10e8,Electronics,514.96,5,2024-12-16,COMPLETED,Central,0
189,CUST4460,86df32cf524cade04ae84fff930d96d10f8a66fd1822200416cd8f11e842160e,Electronics,1601.7,4,2024-04-04,COMPLETED,South,0
190,CUST7165,0e769600933790607b2a13b33ddfade0fa17810eb62c3b28ee23e59516516491,Books,1936.05,2,2024-05-12,COMPLETED,Central,0
191,CUST3815,e074763cb375d9abd33d16d13586d68714c4a9c215cbd3391f7706c038403b4b,Clothing,55.13,6,2024-05-15,COMPLETED,North,0
192,CUST3939,b5efa9ec3f5f8d45fc05aa5c0a835177e24211b8fda91dd28f258f765f3edb27,Clothing,1152.12,7,2024-03-18,COMPLETED,North,0
193,CUST7275,643aa97e949c9c353aaff710e5adddb2017ecf3ae9d5cf563bc85c18e5d3aa2c,Furniture,1276.56,2,2024-09-11,COMPLETED,East,0
194,CUST4232,e34a879c8b8b67effd9e14878e1443829419cf2aba09a03252d2a4f137e49941,Electronics,214.63,1,2024-05-05,COMPLETED,East,0
195,CUST9026,e882154bb2efd87356681a6ed0485cb51511d9e61f17235aebd7830fbe91e1c0,Groceries,1422.06,10,2024-04-08,COMPLETED,East,0
196,CUST3769,4e84b8359beaed1f56f2925ad1cab0486441525f195f640c7a81545bd1eb3039,Clothing,108.22,1,2024-01-24,COMPLETED,South,0
197,CUST8894,4e84b8359beaed1f56f2925ad1cab0486441525f195f640c7a81545bd1eb3039,Clothing,800.29,9,2024-12-01,COMPLETED,North,0
198,CUST9564,f1c1f57728f932efde20e53703ee5f96b1cebdc15b8578b7faa727c89dbfe03f,Groceries,1552.15,10,2024-03-10,COMPLETED,Central,0
199,CUST8489,efa9a3729d47c5c47c0c763107f82dbeb8ba63e479274b2661edf418850791fb,Books,1125.51,6,2024-03-04,COMPLETED,Central,0
200,CUST7408,f1c1f57728f932efde20e53703ee5f96b1cebdc15b8578b7faa727c89dbfe03f,Groceries,612.18,6,2024-10-25,COMPLETED,North,0
201,CUST8441,6c455f5e6343aad487017e00afd6e0b8ba5b3f2adc65ed8d9de409844a7def13,Groceries,588.38,3,2024-07-05,COMPLETED,West,0
202,CUST2104,f816a74c2310179d8785838dfadd3f6fdaf7e857cce144acd6433199c8fa53d3,Furniture,1843.79,8,2024-12-01,COMPLETED,East,0
203,CUST2644,6c455f5e6343aad487017e00afd6e0b8ba5b3f2adc65ed8d9de409844a7def13,Groceries,1712.4,9,2024-01-02,COMPLETED,North,0
204,CUST2060,e882154bb2efd87356681a6ed0485cb51511d9e61f17235aebd7830fbe91e1c0,Groceries,288.69,8,2024-11-10,COMPLETED,East,0
205,CUST4307,f56648cd7573460b58fb9642f7e660b6d095ef1e7235f65464f6a3df763728de,Furniture,50.2,2,2024-06-09,COMPLETED,East,0
206,CUST8160,4e84b8359beaed1f56f2925ad1cab0486441525f195f640c7a81545bd1eb3039,Clothing,389.91,2,2024-12-31,COMPLETED,Central,0
207,CUST3319,942dbeda91719a578e95f5d395aee8f7d9f4dcfbcfd27b18e61e9685d6fcad24,Books,658.77,8,2024-12-22,COMPLETED,South,0
208,CUST3693,4e84b8359beaed1f56f2925ad1cab0486441525f195f640c7a81545bd1eb3039,Clothing,720.69,8,2024-05-10,COMPLETED,West,0
209,CUST8668,e155ec294b8d6651edb44cdf076b10da94971a3c882d1cf2a28750a1c051eb78,Clothing,1880.89,5,2024-08-11,COMPLETED,South,0
210,CUST1064,6c455f5e6343aad487017e00afd6e0b8ba5b3f2adc65ed8d9de409844a7def13,Groceries,776.95,1,2024-02-03,COMPLETED,East,0
211,CUST6225,f1c1f57728f932efde20e53703ee5f96b1cebdc15b8578b7faa727c89dbfe03f,Groceries,1723.48,6,2024-11-05,COMPLETED,North,0
212,CUST2682,16d1c9050a0b32e83764a81d801a880773abedfd7f8b0b08a1cd87ca0e404f12,Furniture,201.46,3,2024-04-08,COMPLETED,North,0
213,CUST9468,efa9a3729d47c5c47c0c763107f82dbeb8ba63e479274b2661edf418850791fb,Books,740.29,9,2024-08-14,COMPLETED,West,0
214,CUST4720,efa9a3729d47c5c47c0c763107f82dbeb8ba63e479274b2661edf418850791fb,Books,161.29,7,2024-12-12,COMPLETED,Central,0
215,CUST6656,f816a74c2310179d8785838dfadd3f6fdaf7e857cce144acd6433199c8fa53d3,Furniture,557.74,5,2024-02-01,COMPLETED,South,0
216,CUST7204,a6f10bde1cb3b4d0c3a51b3bf3746c41920093f27b8c5a9f438e31903810099e,Books,558.28,3,2024-01-21,COMPLETED,East,0
217,CUST1731,86df32cf524cade04ae84fff930d96d10f8a66fd1822200416cd8f11e842160e,Electronics,1813.55,9,2024-01-27,COMPLETED,South,0
218,CUST2118,e155ec294b8d6651edb44cdf076b10da94971a3c882d1cf2a28750a1c051eb78,Clothing,1408.58,6,2024-02-09,COMPLETED,East,0
219,CUST3861,e34a879c8b8b67effd9e14878e1443829419cf2aba09a03252d2a4f137e49941,Electronics,1144.67,7,2024-05-20,COMPLETED,East,0
220,CUST9818,63dceb8800b2dd4af9567a1f54f03b7c3dbdc27fac4799091ebfcc4928899ee5,Electronics,182.2,7,2024-08-12,COMPLETED,South,0
221,CUST2714,86df32cf524cade04ae84fff930d96d10f8a66fd1822200416cd8f11e842160e,Electronics,975.61,8,2024-02-09,COMPLETED,West,0
222,CUST9796,0e769600933790607b2a13b33ddfade0fa17810eb62c3b28ee23e59516516491,Books,329.86,1,2024-06-27,COMPLETED,Central,0
223,CUST4402,0e769600933790607b2a13b33ddfade0fa17810eb62c3b28ee23e59516516491,Books,1120.5,1,2024-01-14,COMPLETED,East,0
224,CUST9304,9d948c73e0ad7a5a213a5e7e00b962531ca6b07992a06bd8c2fc2ac5ae23c51b,Books,1236.25,7,2024-12-25,COMPLETED,South,0
225,CUST7168,942dbeda91719a578e95f5d395aee8f7d9f4dcfbcfd27b18e61e9685d6fcad24,Books,393.83,5,2024-10-15,COMPLETED,North,0
226,CUST4090,e34a879c8b8b67effd9e14878e1443829419cf2aba09a03252d2a4f137e49941,Electronics,1348.82,5,2024-06-04,COMPLETED,North,0
227,CUST8205,16d1c9050a0b32e83764a81d801a880773abedfd7f8b0b08a1cd87ca0e404f12,Furniture,75.72,10,2024-11-26,COMPLETED,South,0
228,CUST7961,16d1c9050a0b32e83764a81d801a880773abedfd7f8b0b08a1cd87ca0e404f12,Furniture,165.39,1,2024-03-28,COMPLETED,West,0
229,CUST6295,8189b8409b18b1ef215ec2f2d8da515cdc7cc21a4b7cd35482b66bede2275d02,Groceries,579.27,9,2024-07-07,COMPLETED,North,0
230,CUST1075,643aa97e949c9c353aaff710e5adddb2017ecf3ae9d5cf563bc85c18e5d3aa2c,Furniture,99.79,3,2024-11-04,COMPLETED,West,0
231,CUST2920,dc34efd49ed738bf4500db367292164166989cb15773026e9e185b78292bbc89,Clothing,398.84,8,2024-05-31,COMPLETED,Central,0
232,CUST1673,e074763cb375d9abd33d16d13586d68714c4a9c215cbd3391f7706c038403b4b,Clothing,807.69,6,2024-02-14,COMPLETED,West,0
233,CUST8720,6c455f5e6343aad487017e00afd6e0b8ba5b3f2adc65ed8d9de409844a7def13,Groceries,1259.04,10,2024-08-01,COMPLETED,East,0
234,CUST4951,1b9bc7b7376e6c5c0f1042dfdd42ac68017d8cee72988967d7c670d40c466c85,Groceries,522.62,4,2024-06-22,COMPLETED,West,0
235,CUST2811,b5efa9ec3f5f8d45fc05aa5c0a835177e24211b8fda91dd28f258f765f3edb27,Clothing,1571.47,2,2024-01-31,COMPLETED,South,0
236,CUST4916,86df32cf524cade04ae84fff930d96d10f8a66fd1822200416cd8f11e842160e,Electronics,648.77,10,2024-02-22,COMPLETED,North,0
237,CUST7451,2e5a38b444f293beaebfa8dc591eae9ffb528ecbffe1b876aeae34e6a12e10e8,Electronics,1739.36,1,2024-08-09,COMPLETED,South,0
238,CUST2575,dc34efd49ed738bf4500db367292164166989cb15773026e9e185b78292bbc89,Clothing,56.79,9,2024-05-14,COMPLETED,East,0
239,CUST3938,a6f10bde1cb3b4d0c3a51b3bf3746c41920093f27b8c5a9f438e31903810099e,Books,1229.46,4,2024-04-07,COMPLETED,East,0
240,CUST3781,0e769600933790607b2a13b33ddfade0fa17810eb62c3b28ee23e59516516491,Books,124.98,6,2024-09-24,COMPLETED,South,0
241,CUST5989,f56648cd7573460b58fb9642f7e660b6d095ef1e7235f65464f6a3df763728de,Furniture,1600.13,1,2024-02-04,COMPLETED,Central,0
242,CUST8378,e882154bb2efd87356681a6ed0485cb51511d9e61f17235aebd7830fbe91e1c0,Groceries,1878.24,6,2024-03-15,COMPLETED,West,0
243,CUST4850,63dceb8800b2dd4af9567a1f54f03b7c3dbdc27fac4799091ebfcc4928899ee5,Electronics,645.18,10,2024-06-24,COMPLETED,North,0
244,CUST7736,63dceb8800b2dd4af9567a1f54f03b7c3dbdc27fac4799091ebfcc4928899ee5,Electronics,1514.57,1,2024-11-24,COMPLETED,East,0
245,CUST4024,e34a879c8b8b67effd9e14878e1443829419cf2aba09a03252d2a4f137e49941,Electronics,1431.29,7,2024-12-29,COMPLETED,Central,0
246,CUST3969,86df32cf524cade04ae84fff930d96d10f8a66fd1822200416cd8f11e842160e,Electronics,796.41,4,2024-11-28,COMPLETED,West,0
247,CUST7735,16d1c9050a0b32e83764a81d801a880773abedfd7f8b0b08a1cd87ca0e404f12,Furniture,687.1,4,2024-06-17,COMPLETED,South,0
248,CUST9566,efa9a3729d47c5c47c0c763107f82dbeb8ba63e479274b2661edf418850791fb,Books,1008.4,2,2024-07-08,COMPLETED,East,0
249,CUST8524,e882154bb2efd87356681a6ed0485cb51511d9e61f17235aebd7830fbe91e1c0,Groceries,1515.03,5,2024-09-03,COMPLETED,South,0
250,CUST5021,f56648cd7573460b58fb9642f7e660b6d095ef1e7235f65464f6a3df763728de,Furniture,1224.31,7,2024-05-31,COMPLETED,West,0
251,CUST2584,e34a879c8b8b67effd9e14878e1443829419cf2aba09a03252d2a4f137e49941,Electronics,1746.72,8,2024-02-16,COMPLETED,Central,0
252,CUST4479,dc34efd49ed738bf4500db367292164166989cb15773026e9e185b78292bbc89,Clothing,1594.93,4,2024-03-22,COMPLETED,South,0
253,CUST6590,210e51e019366706681f12e78b4f8396fb598b04074eb44faf0a8ad6a6930a70,Furniture,1728.09,5,2024-12-03,COMPLETED,West,0
254,CUST9212,f56648cd7573460b58fb9642f7e660b6d095ef1e7235f65464f6a3df763728de,Furniture,880.18,1,2024-12-03,COMPLETED,Central,0
255,CUST1768,1b9bc7b7376e6c5c0f1042dfdd42ac68017d8cee72988967d7c670d40c466c85,Groceries,1075.33,5,2024-04-29,COMPLETED,North,0
256,CUST5363,e882154bb2efd87356681a6ed0485cb51511d9e61f17235aebd7830fbe91e1c0,Groceries,1414.73,6,2024-02-09,COMPLETED,Central,0
257,CUST9031,15af50a07d8a67856f62249fbb016130df248453189ff665c863634ef7a76bfd,Electronics,1431.01,3,2024-11-13,COMPLETED,North,0
258,CUST3988,b5efa9ec3f5f8d45fc05aa5c0a835177e24211b8fda91dd28f258f765f3edb27,Clothing,1107.8,10,2024-05-30,COMPLETED,West,0
259,CUST5139,86df32cf524cade04ae84fff930d96d10f8a66fd1822200416cd8f11e842160e,Electronics,341.07,9,2024-11-12,COMPLETED,Central,0
260,CUST7780,9d948c73e0ad7a5a213a5e7e00b962531ca6b07992a06bd8c2fc2ac5ae23c51b,Books,1511.42,3,2024-12-15,COMPLETED,West,0
261,CUST6264,2e5a38b444f293beaebfa8dc591eae9ffb528ecbffe1b876aeae34e6a12e10e8,Electronics,1771.9,10,2024-09-29,COMPLETED,East,0
262,CUST8918,15af50a07d8a67856f62249fbb016130df248453189ff665c863634ef7a76bfd,Electronics,218.47,7,2024-03-24,COMPLETED,South,0
263,CUST5351,1b9bc7b7376e6c5c0f1042dfdd42ac68017d8cee72988967d7c670d40c466c85,Groceries,1265.35,3,2024-10-24,COMPLETED,East,0
264,CUST2334,f56648cd7573460b58fb9642f7e660b6d095ef1e7235f65464f6a3df763728de,Furniture,533.36,10,2024-11-03,COMPLETED,Central,0
265,CUST1631,86df32cf524cade04ae84fff930d96d10f8a66fd1822200416cd8f11e842160e,Electronics,1188.86,10,2024-01-09,COMPLETED,West,0
266,CUST8501,63dceb8800b2dd4af9567a1f54f03b7c3dbdc27fac4799091ebfcc4928899ee5,Electronics,483.58,8,2024-05-25,COMPLETED,North,0
267,CUST2744,f1c1f57728f932efde20e53703ee5f96b1cebdc15b8578b7faa727c89dbfe03f,Groceries,468.25,9,2024-01-24,COMPLETED,North,0
268,CUST2069,942dbeda91719a578e95f5d395aee8f7d9f4dcfbcfd27b18e61e9685d6fcad24,Books,971.0,2,2024-05-28,COMPLETED,South,0
269,CUST5282,1b9bc7b7376e6c5c0f1042dfdd42ac68017d8cee72988967d7c670d40c466c85,Groceries,834.09,5,2024-07-31,COMPLETED,West,0
270,CUST2729,b5efa9ec3f5f8d45fc05aa5c0a835177e24211b8fda91dd28f258f765f3edb27,Clothing,432.48,2,2024-10-27,COMPLETED,North,0
271,CUST4795,9d948c73e0ad7a5a213a5e7e00b962531ca6b07992a06bd8c2fc2ac5ae23c51b,Books,1905.66,9,2024-01-12,COMPLETED,West,0
272,CUST4328,e074763cb375d9abd33d16d13586d68714c4a9c215cbd3391f7706c038403b4b,Clothing,514.62,1,2024-03-29,COMPLETED,Central,0
273,CUST2441,210e51e019366706681f12e78b4f8396fb598b04074eb44faf0a8ad6a6930a70,Furniture,579.62,3,2024-04-11,COMPLETED,South,0
274,CUST7718,1b9bc7b7376e6c5c0f1042dfdd42ac68017d8cee72988967d7c670d40c466c85,Groceries,1741.76,7,2024-03-06,COMPLETED,West,0
275,CUST8424,2e5a38b444f293beaebfa8dc591eae9ffb528ecbffe1b876aeae34e6a12e10e8,Electronics,255.08,2,2024-05-19,COMPLETED,North,0
276,CUST1002,4e84b8359beaed1f56f2925ad1cab0486441525f195f640c7a81545bd1eb3039,Clothing,1112.14,10,2024-11-22,COMPLETED,South,0
277,CUST3742,942dbeda91719a578e95f5d395aee8f7d9f4dcfbcfd27b18e61e9685d6fcad24,Books,357.1,3,2024-02-18,COMPLETED,South,0
278,CUST8045,9d948c73e0ad7a5a213a5e7e00b962531ca6b07992a06bd8c2fc2ac5ae23c51b,Books,1590.71,4,2024-12-23,COMPLETED,West,0
279,CUST1980,63dceb8800b2dd4af9567a1f54f03b7c3dbdc27fac4799091ebfcc4928899ee5,Electronics,26.28,4,2024-01-13,COMPLETED,South,0
280,CUST2747,f816a74c2310179d8785838dfadd3f6fdaf7e857cce144acd6433199c8fa53d3,Furniture,366.47,7,2024-09-15,COMPLETED,Central,0
281,CUST6818,e074763cb375d9abd33d16d13586d68714c4a9c215cbd3391f7706c038403b4b,Clothing,110.73,10,2024-03-04,COMPLETED,East,0
282,CUST3803,8189b8409b18b1ef215ec2f2d8da515cdc7cc21a4b7cd35482b66bede2275d02,Groceries,1422.23,10,2024-12-19,COMPLETED,South,0
283,CUST2789,9d948c73e0ad7a5a213a5e7e00b962531ca6b07992a06bd8c2fc2ac5ae23c51b,Books,1353.22,2,2024-09-14,COMPLETED,South,0
284,CUST5004,643aa97e949c9c353aaff710e5adddb2017ecf3ae9d5cf563bc85c18e5d3aa2c,Furniture,14.95,10,2024-09-21,COMPLETED,Central,0
285,CUST9654,e074763cb375d9abd33d16d13586d68714c4a9c215cbd3391f7706c038403b4b,Clothing,389.26,8,2024-11-08,COMPLETED,East,0
286,CUST9203,8189b8409b18b1ef215ec2f2d8da515cdc7cc21a4b7cd35482b66bede2275d02,Groceries,1721.14,3,2024-03-02,COMPLETED,East,0
287,CUST6807,942dbeda91719a578e95f5d395aee8f7d9f4dcfbcfd27b18e61e9685d6fcad24,Books,1776.93,5,2024-02-22,COMPLETED,Central,0
288,CUST4937,15af50a07d8a67856f62249fbb016130df248453189ff665c863634ef7a76bfd,Electronics,1899.01,7,2024-06-28,COMPLETED,West,0
289,CUST7145,4e84b8359beaed1f56f2925ad1cab0486441525f195f640c7a81545bd1eb3039,Clothing,695.22,2,2024-03-28,COMPLETED,West,0
290,CUST6017,63dceb8800b2dd4af9567a1f54f03b7c3dbdc27fac4799091ebfcc4928899ee5,Electronics,1011.22,9,2024-02-21,COMPLETED,East,0
291,CUST4433,b5efa9ec3f5f8d45fc05aa5c0a835177e24211b8fda91dd28f258f765f3edb27,Clothing,905.94,3,2024-03-22,COMPLETED,East,0
292,CUST5605,e882154bb2efd87356681a6ed0485cb51511d9e61f17235aebd7830fbe91e1c0,Groceries,826.19,9,2024-04-16,COMPLETED,Central,0
293,CUST5122,a6f10bde1cb3b4d0c3a51b3bf3746c41920093f27b8c5a9f438e31903810099e,Books,1408.32,10,2024-03-20,COMPLETED,South,0
294,CUST2376,efa9a3729d47c5c47c0c763107f82dbeb8ba63e479274b2661edf418850791fb,Books,978.28,4,2024-04-29,COMPLETED,East,0
295,CUST5123,e155ec294b8d6651edb44cdf076b10da94971a3c882d1cf2a28750a1c051eb78,Clothing,1555.8,8,2024-12-10,COMPLETED,West,0
296,CUST3770,efa9a3729d47c5c47c0c763107f82dbeb8ba63e479274b2661edf418850791fb,Books,263.26,1,2024-12-25,COMPLETED,East,0
297,CUST8764,dc34efd49ed738bf4500db367292164166989cb15773026e9e185b78292bbc89,Clothing,1194.68,10,2024-12-23,COMPLETED,South,0
298,CUST3145,942dbeda91719a578e95f5d395aee8f7d9f4dcfbcfd27b18e61e9685d6fcad24,Books,1978.97,9,2024-09-20,COMPLETED,North,0
299,CUST2681,1b9bc7b7376e6c5c0f1042dfdd42ac68017d8cee72988967d7c670d40c466c85,Groceries,1874.04,2,2024-04-10,COMPLETED,East,0
300,CUST3771,e074763cb375d9abd33d16d13586d68714c4a9c215cbd3391f7706c038403b4b,Clothing,739.59,8,2024-12-07,COMPLETED,West,0
301,CUST4257,86df32cf524cade04ae84fff930d96d10f8a66fd1822200416cd8f11e842160e,Electronics,1433.71,1,2024-11-02,COMPLETED,East,0
302,CUST7795,2e5a38b444f293beaebfa8dc591eae9ffb528ecbffe1b876aeae34e6a12e10e8,Electronics,1418.54,6,2024-11-27,COMPLETED,East,0
303,CUST4189,f1c1f57728f932efde20e53703ee5f96b1cebdc15b8578b7faa727c89dbfe03f,Groceries,100.3,1,2024-04-27,COMPLETED,Central,0
304,CUST2862,e155ec294b8d6651edb44cdf076b10da94971a3c882d1cf2a28750a1c051eb78,Clothing,1876.58,2,2024-02-29,COMPLETED,East,0
305,CUST7887,63dceb8800b2dd4af9567a1f54f03b7c3dbdc27fac4799091ebfcc4928899ee5,Electronics,455.27,4,2024-10-17,COMPLETED,North,0
306,CUST1763,f1c1f57728f932efde20e53703ee5f96b1cebdc15b8578b7faa727c89dbfe03f,Groceries,1918.56,7,2024-06-27,COMPLETED,East,0
307,CUST5182,f816a74c2310179d8785838dfadd3f6fdaf7e857cce144acd6433199c8fa53d3,Furniture,1439.64,6,2024-09-21,COMPLETED,West,0
308,CUST8731,b5efa9ec3f5f8d45fc05aa5c0a835177e24211b8fda91dd28f258f765f3edb27,Clothing,838.98,1,2024-06-11,COMPLETED,West,0
309,CUST3045,643aa97e949c9c353aaff710e5adddb2017ecf3ae9d5cf563bc85c18e5d3aa2c,Furniture,199.59,5,2024-10-12,COMPLETED,Central,0
310,CUST8975,0e769600933790607b2a13b33ddfade0fa17810eb62c3b28ee23e59516516491,Books,97.75,7,2024-09-11,COMPLETED,North,0
311,CUST9600,2e5a38b444f293beaebfa8dc591eae9ffb528ecbffe1b876aeae34e6a12e10e8,Electronics,272.64,4,2024-07-18,COMPLETED,Central,0
312,CUST3505,f56648cd7573460b58fb9642f7e660b6d095ef1e7235f65464f6a3df763728de,Furniture,369.16,4,2024-05-09,COMPLETED,North,0
313,CUST5763,16d1c9050a0b32e83764a81d801a880773abedfd7f8b0b08a1cd87ca0e404f12,Furniture,584.74,7,2024-04-26,COMPLETED,East,0
314,CUST5007,16d1c9050a0b32e83764a81d801a880773abedfd7f8b0b08a1cd87ca0e404f12,Furniture,1759.51,9,2024-01-08,COMPLETED,West,0
315,CUST9252,2e5a38b444f293beaebfa8dc591eae9ffb528ecbffe1b876aeae34e6a12e10e8,Electronics,1624.73,4,2024-05-15,COMPLETED,West,0
316,CUST2811,8189b8409b18b1ef215ec2f2d8da515cdc7cc21a4b7cd35482b66bede2275d02,Groceries,259.2,2,2024-04-01,COMPLETED,Central,0
317,CUST6430,e34a879c8b8b67effd9e14878e1443829419cf2aba09a03252d2a4f137e49941,Electronics,1233.87,4,2024-08-21,COMPLETED,North,0
318,CUST4824,6c455f5e6343aad487017e00afd6e0b8ba5b3f2adc65ed8d9de409844a7def13,Groceries,1033.41,10,2024-09-02,COMPLETED,North,0
319,CUST5185,efa9a3729d47c5c47c0c763107f82dbeb8ba63e479274b2661edf418850791fb,Books,1505.44,1,2024-10-03,COMPLETED,Central,0
320,CUST6285,8189b8409b18b1ef215ec2f2d8da515cdc7cc21a4b7cd35482b66bede2275d02,Groceries,851.37,4,2024-10-10,COMPLETED,East,0
321,CUST1168,6c455f5e6343aad487017e00afd6e0b8ba5b3f2adc65ed8d9de409844a7def13,Groceries,1847.52,2,2024-01-31,COMPLETED,West,0
322,CUST4510,643aa97e949c9c353aaff710e5adddb2017ecf3ae9d5cf563bc85c18e5d3aa2c,Furniture,738.8,8,2024-10-01,COMPLETED,North,0
323,CUST1012,6c455f5e6343aad487017e00afd6e0b8ba5b3f2adc65ed8d9de409844a7def13,Groceries,566.59,7,2024-01-04,COMPLETED,Central,0
324,CUST6171,2e5a38b444f293beaebfa8dc591eae9ffb528ecbffe1b876aeae34e6a12e10e8,Electronics,730.95,6,2024-08-25,COMPLETED,West,0
325,CUST2299,efa9a3729d47c5c47c0c763107f82dbeb8ba63e479274b2661edf418850791fb,Books,136.35,8,2024-07-23,COMPLETED,West,0
326,CUST1750,f1c1f57728f932efde20e53703ee5f96b1cebdc15b8578b7faa727c89dbfe03f,Groceries,183.98,3,2024-02-23,COMPLETED,North,0
327,CUST7348,9d948c73e0ad7a5a213a5e7e00b962531ca6b07992a06bd8c2fc2ac5ae23c51b,Books,1589.67,1,2024-11-05,COMPLETED,North,0
328,CUST8966,643aa97e949c9c353aaff710e5adddb2017ecf3ae9d5cf563bc85c18e5d3aa2c,Furniture,1204.74,1,2024-03-11,COMPLETED,South,0
329,CUST9728,4e84b8359beaed1f56f2925ad1cab0486441525f195f640c7a81545bd1eb3039,Clothing,1048.49,7,2024-01-29,COMPLETED,Central,0
330,CUST5642,e155ec294b8d6651edb44cdf076b10da94971a3c882d1cf2a28750a1c051eb78,Clothing,771.07,5,2024-01-28,COMPLETED,West,0
331,CUST7391,63dceb8800b2dd4af9567a1f54f03b7c3dbdc27fac4799091ebfcc4928899ee5,Electronics,574.85,1,2024-05-09,COMPLETED,East,0
332,CUST3544,dc34efd49ed738bf4500db367292164166989cb15773026e9e185b78292bbc89,Clothing,1468.77,3,2024-10-28,COMPLETED,West,0
333,CUST9603,e882154bb2efd87356681a6ed0485cb51511d9e61f17235aebd7830fbe91e1c0,Groceries,372.52,10,2024-04-25,COMPLETED,Central,0
334,CUST7115,2e5a38b444f293beaebfa8dc591eae9ffb528ecbffe1b876aeae34e6a12e10e8,Electronics,1571.4,7,2024-03-08,COMPLETED,North,0
335,CUST1481,efa9a3729d47c5c47c0c763107f82dbeb8ba63e479274b2661edf418850791fb,Books,188.45,9,2024-10-14,COMPLETED,North,0
336,CUST6415,8189b8409b18b1ef215ec2f2d8da515cdc7cc21a4b7cd35482b66bede2275d02,Groceries,373.28,2,2024-09-09,COMPLETED,South,0
337,CUST1449,1b9bc7b7376e6c5c0f1042dfdd42ac68017d8cee72988967d7c670d40c466c85,Groceries,887.97,6,2024-02-02,COMPLETED,North,0
338,CUST8724,f56648cd7573460b58fb9642f7e660b6d095ef1e7235f65464f6a3df763728de,Furniture,1025.2,1,2024-11-10,COMPLETED,North,0
339,CUST2512,e155ec294b8d6651edb44cdf076b10da94971a3c882d1cf2a28750a1c051eb78,Clothing,1737.6,9,2024-07-22,COMPLETED,North,0
340,CUST7945,dc34efd49ed738bf4500db367292164166989cb15773026e9e185b78292bbc89,Clothing,1502.18,8,2024-09-16,COMPLETED,South,0
341,CUST5286,942dbeda91719a578e95f5d395aee8f7d9f4dcfbcfd27b18e61e9685d6fcad24,Books,1675.09,2,2024-06-21,COMPLETED,North,0
342,CUST7290,b5efa9ec3f5f8d45fc05aa5c0a835177e24211b8fda91dd28f258f765f3edb27,Clothing,763.19,8,2024-12-04,COMPLETED,Central,0
343,CUST7287,1b9bc7b7376e6c5c0f1042dfdd42ac68017d8cee72988967d7c670d40c466c85,Groceries,1908.01,3,2024-10-26,COMPLETED,West,0
344,CUST4042,efa9a3729d47c5c47c0c763107f82dbeb8ba63e479274b2661edf418850791fb,Books,471.48,1,2024-01-01,COMPLETED,Central,0
345,CUST4826,6c455f5e6343aad487017e00afd6e0b8ba5b3f2adc65ed8d9de409844a7def13,Groceries,386.41,2,2024-04-08,COMPLETED,Central,0
346,CUST8138,86df32cf524cade04ae84fff930d96d10f8a66fd1822200416cd8f11e842160e,Electronics,587.02,9,2024-10-28,COMPLETED,North,0
347,CUST2541,e34a879c8b8b67effd9e14878e1443829419cf2aba09a03252d2a4f137e49941,Electronics,195.73,1,2024-07-09,COMPLETED,Central,0
348,CUST4441,942dbeda91719a578e95f5d395aee8f7d9f4dcfbcfd27b18e61e9685d6fcad24,Books,888.03,8,2024-05-24,COMPLETED,North,0
349,CUST3917,6c455f5e6343aad487017e00afd6e0b8ba5b3f2adc65ed8d9de409844a7def13,Groceries,394.25,10,2024-08-04,COMPLETED,East,0
350,CUST3040,f56648cd7573460b58fb9642f7e660b6d095ef1e7235f65464f6a3df763728de,Furniture,108.55,10,2024-04-01,COMPLETED,East,0
351,CUST9430,6c455f5e6343aad487017e00afd6e0b8ba5b3f2adc65ed8d9de409844a7def13,Groceries,93.67,4,2024-02-04,COMPLETED,Central,0
352,CUST9593,2e5a38b444f293beaebfa8dc591eae9ffb528ecbffe1b876aeae34e6a12e10e8,Electronics,1342.34,7,2024-05-15,COMPLETED,South,0
353,CUST9014,f56648cd7573460b58fb9642f7e660b6d095ef1e7235f65464f6a3df763728de,Furniture,1813.19,10,2024-06-23,COMPLETED,Central,0
354,CUST2757,942dbeda91719a578e95f5d395aee8f7d9f4dcfbcfd27b18e61e9685d6fcad24,Books,1055.21,7,2024-06-11,COMPLETED,West,0
355,CUST2364,f1c1f57728f932efde20e53703ee5f96b1cebdc15b8578b7faa727c89dbfe03f,Groceries,1125.42,8,2024-02-20,COMPLETED,North,0
356,CUST7734,643aa97e949c9c353aaff710e5adddb2017ecf3ae9d5cf563bc85c18e5d3aa2c,Furniture,1818.4,9,2024-03-26,COMPLETED,East,0
357,CUST4742,9d948c73e0ad7a5a213a5e7e00b962531ca6b07992a06bd8c2fc2ac5ae23c51b,Books,410.88,10,2024-07-06,COMPLETED,West,0
358,CUST5925,e074763cb375d9abd33d16d13586d68714c4a9c215cbd3391f7706c038403b4b,Clothing,1098.97,2,2024-07-22,COMPLETED,West,0
359,CUST5517,b5efa9ec3f5f8d45fc05aa5c0a835177e24211b8fda91dd28f258f765f3edb27,Clothing,388.66,3,2024-09-30,COMPLETED,West,0
360,CUST4701,f816a74c2310179d8785838dfadd3f6fdaf7e857cce144acd6433199c8fa53d3,Furniture,1721.85,7,2024-02-04,COMPLETED,Central,0
361,CUST3303,86df32cf524cade04ae84fff930d96d10f8a66fd1822200416cd8f11e842160e,Electronics,1107.79,8,2024-09-28,COMPLETED,East,0
362,CUST6894,16d1c9050a0b32e83764a81d801a880773abedfd7f8b0b08a1cd87ca0e404f12,Furniture,527.66,8,2024-05-12,COMPLETED,Central,0
363,CUST1274,efa9a3729d47c5c47c0c763107f82dbeb8ba63e479274b2661edf418850791fb,Books,1374.59,8,2024-09-20,COMPLETED,Central,0
364,CUST4113,e34a879c8b8b67effd9e14878e1443829419cf2aba09a03252d2a4f137e49941,Electronics,886.89,1,2024-01-09,COMPLETED,East,0
365,CUST4362,643aa97e949c9c353aaff710e5adddb2017ecf3ae9d5cf563bc85c18e5d3aa2c,Furniture,901.27,9,2024-03-23,COMPLETED,South,0
366,CUST3081,1b9bc7b7376e6c5c0f1042dfdd42ac68017d8cee72988967d7c670d40c466c85,Groceries,778.89,4,2024-01-03,COMPLETED,North,0
367,CUST7145,6c455f5e6343aad487017e00afd6e0b8ba5b3f2adc65ed8d9de409844a7def13,Groceries,348.66,5,2024-03-11,COMPLETED,South,0
368,CUST8182,a6f10bde1cb3b4d0c3a51b3bf3746c41920093f27b8c5a9f438e31903810099e,Books,1293.78,4,2024-07-01,COMPLETED,West,0
369,CUST7525,643aa97e949c9c353aaff710e5adddb2017ecf3ae9d5cf563bc85c18e5d3aa2c,Furniture,1711.98,3,2024-07-22,COMPLETED,South,0
370,CUST1343,210e51e019366706681f12e78b4f8396fb598b04074eb44faf0a8ad6a6930a70,Furniture,295.0,6,2024-12-28,COMPLETED,Central,0
371,CUST5367,e074763cb375d9abd33d16d13586d68714c4a9c215cbd3391f7706c038403b4b,Clothing,1515.82,9,2024-10-18,COMPLETED,East,0
372,CUST4159,2e5a38b444f293beaebfa8dc591eae9ffb528ecbffe1b876aeae34e6a12e10e8,Electronics,654.44,8,2024-10-18,COMPLETED,South,0
373,CUST6814,efa9a3729d47c5c47c0c763107f82dbeb8ba63e479274b2661edf418850791fb,Books,1181.06,8,2024-09-14,COMPLETED,South,0
374,CUST6908,1b9bc7b7376e6c5c0f1042dfdd42ac68017d8cee72988967d7c670d40c466c85,Groceries,1774.21,5,2024-12-08,COMPLETED,East,0
375,CUST5889,942dbeda91719a578e95f5d395aee8f7d9f4dcfbcfd27b18e61e9685d6fcad24,Books,381.93,8,2024-05-22,COMPLETED,Central,0
376,CUST4844,6c455f5e6343aad487017e00afd6e0b8ba5b3f2adc65ed8d9de409844a7def13,Groceries,401.18,6,2024-05-26,COMPLETED,Central,0
377,CUST6409,e34a879c8b8b67effd9e14878e1443829419cf2aba09a03252d2a4f137e49941,Electronics,1916.97,6,2024-10-18,COMPLETED,Central,0
378,CUST7246,e34a879c8b8b67effd9e14878e1443829419cf2aba09a03252d2a4f137e49941,Electronics,499.26,5,2024-12-09,COMPLETED,South,0
379,CUST3325,1b9bc7b7376e6c5c0f1042dfdd42ac68017d8cee72988967d7c670d40c466c85,Groceries,348.57,2,2024-11-23,COMPLETED,West,0
380,CUST3456,e34a879c8b8b67effd9e14878e1443829419cf2aba09a03252d2a4f137e49941,Electronics,714.57,2,2024-07-16,COMPLETED,Central,0
381,CUST7907,e155ec294b8d6651edb44cdf076b10da94971a3c882d1cf2a28750a1c051eb78,Clothing,97.12,5,2024-12-19,COMPLETED,West,0
382,CUST9735,63dceb8800b2dd4af9567a1f54f03b7c3dbdc27fac4799091ebfcc4928899ee5,Electronics,462.6,10,2024-10-14,COMPLETED,Central,0
383,CUST7649,4e84b8359beaed1f56f2925ad1cab0486441525f195f640c7a81545bd1eb3039,Clothing,1638.16,5,2024-01-30,COMPLETED,Central,0
384,CUST8697,efa9a3729d47c5c47c0c763107f82dbeb8ba63e479274b2661edf418850791fb,Books,1341.98,9,2024-04-19,COMPLETED,Central,0
385,CUST2818,efa9a3729d47c5c47c0c763107f82dbeb8ba63e479274b2661edf418850791fb,Books,1328.18,5,2024-08-16,COMPLETED,East,0
386,CUST5915,643aa97e949c9c353aaff710e5adddb2017ecf3ae9d5cf563bc85c18e5d3aa2c,Furniture,1362.53,7,2024-07-21,COMPLETED,East,0
387,CUST7195,a6f10bde1cb3b4d0c3a51b3bf3746c41920093f27b8c5a9f438e31903810099e,Books,923.29,9,2024-09-23,COMPLETED,South,0
388,CUST7779,9d948c73e0ad7a5a213a5e7e00b962531ca6b07992a06bd8c2fc2ac5ae23c51b,Books,1960.58,3,2024-08-31,COMPLETED,Central,0
389,CUST2551,210e51e019366706681f12e78b4f8396fb598b04074eb44faf0a8ad6a6930a70,Furniture,787.86,1,2024-08-25,COMPLETED,South,0
390,CUST8856,f1c1f57728f932efde20e53703ee5f96b1cebdc15b8578b7faa727c89dbfe03f,Groceries,1311.08,2,2024-02-12,COMPLETED,Central,0
391,CUST1158,1b9bc7b7376e6c5c0f1042dfdd42ac68017d8cee72988967d7c670d40c466c85,Groceries,536.24,8,2024-11-06,COMPLETED,North,0
392,CUST6100,e882154bb2efd87356681a6ed0485cb51511d9e61f17235aebd7830fbe91e1c0,Groceries,1092.2,5,2024-09-03,COMPLETED,Central,0
393,CUST8322,942dbeda91719a578e95f5d395aee8f7d9f4dcfbcfd27b18e61e9685d6fcad24,Books,1109.99,5,2024-06-19,COMPLETED,North,0
394,CUST5222,a6f10bde1cb3b4d0c3a51b3bf3746c41920093f27b8c5a9f438e31903810099e,Books,1132.57,1,2024-05-03,COMPLETED,West,0
395,CUST6041,e882154bb2efd87356681a6ed0485cb51511d9e61f17235aebd7830fbe91e1c0,Groceries,1783.07,1,2024-07-19,COMPLETED,East,0
396,CUST1685,e34a879c8b8b67effd9e14878e1443829419cf2aba09a03252d2a4f137e49941,Electronics,1918.63,8,2024-11-11,COMPLETED,East,0
397,CUST9466,e074763cb375d9abd33d16d13586d68714c4a9c215cbd3391f7706c038403b4b,Clothing,1263.55,7,2024-06-07,COMPLETED,Central,0
398,CUST9359,9d948c73e0ad7a5a213a5e7e00b962531ca6b07992a06bd8c2fc2ac5ae23c51b,Books,1083.98,9,2024-08-01,COMPLETED,Central,0
399,CUST8616,2e5a38b444f293beaebfa8dc591eae9ffb528ecbffe1b876aeae34e6a12e10e8,Electronics,856.3,7,2024-02-06,COMPLETED,North,0
400,CUST7499,f1c1f57728f932efde20e53703ee5f96b1cebdc15b8578b7faa727c89dbfe03f,Groceries,438.02,9,2024-11-23,COMPLETED,West,0
401,CUST6306,210e51e019366706681f12e78b4f8396fb598b04074eb44faf0a8ad6a6930a70,Furniture,1329.05,8,2024-11-13,COMPLETED,Central,0
402,CUST5889,16d1c9050a0b32e83764a81d801a880773abedfd7f8b0b08a1cd87ca0e404f12,Furniture,410.67,7,2024-09-19,COMPLETED,South,0
403,CUST1760,a6f10bde1cb3b4d0c3a51b3bf3746c41920093f27b8c5a9f438e31903810099e,Books,1530.9,8,2024-12-11,COMPLETED,North,0
404,CUST2883,e074763cb375d9abd33d16d13586d68714c4a9c215cbd3391f7706c038403b4b,Clothing,1570.59,7,2024-07-29,COMPLETED,Central,0
405,CUST5745,e074763cb375d9abd33d16d13586d68714c4a9c215cbd3391f7706c038403b4b,Clothing,1640.57,5,2024-10-19,COMPLETED,South,0
406,CUST8700,dc34efd49ed738bf4500db367292164166989cb15773026e9e185b78292bbc89,Clothing,687.36,9,2024-10-07,COMPLETED,South,0
407,CUST6991,e34a879c8b8b67effd9e14878e1443829419cf2aba09a03252d2a4f137e49941,Electronics,1677.19,3,2024-06-17,COMPLETED,East,0
408,CUST7889,e34a879c8b8b67effd9e14878e1443829419cf2aba09a03252d2a4f137e49941,Electronics,492.26,9,2024-04-12,COMPLETED,South,0
409,CUST7140,f56648cd7573460b58fb9642f7e660b6d095ef1e7235f65464f6a3df763728de,Furniture,1947.26,7,2024-11-21,COMPLETED,West,0
410,CUST3863,0e769600933790607b2a13b33ddfade0fa17810eb62c3b28ee23e59516516491,Books,1674.34,8,2024-12-22,COMPLETED,North,0
411,CUST2518,4e84b8359beaed1f56f2925ad1cab0486441525f195f640c7a81545bd1eb3039,Clothing,1740.35,10,2024-02-29,COMPLETED,North,0
412,CUST6645,8189b8409b18b1ef215ec2f2d8da515cdc7cc21a4b7cd35482b66bede2275d02,Groceries,413.78,7,2024-06-27,COMPLETED,Central,0
413,CUST8619,942dbeda91719a578e95f5d395aee8f7d9f4dcfbcfd27b18e61e9685d6fcad24,Books,601.74,8,2024-03-14,COMPLETED,East,0
414,CUST8943,e34a879c8b8b67effd9e14878e1443829419cf2aba09a03252d2a4f137e49941,Electronics,629.62,6,2024-02-28,COMPLETED,West,0
415,CUST1939,8189b8409b18b1ef215ec2f2d8da515cdc7cc21a4b7cd35482b66bede2275d02,Groceries,519.49,8,2024-11-04,COMPLETED,West,0
416,CUST2281,8189b8409b18b1ef215ec2f2d8da515cdc7cc21a4b7cd35482b66bede2275d02,Groceries,1913.75,4,2024-10-31,COMPLETED,West,0
417,CUST1008,e155ec294b8d6651edb44cdf076b10da94971a3c882d1cf2a28750a1c051eb78,Clothing,1960.77,5,2024-04-27,COMPLETED,West,0
418,CUST7920,9d948c73e0ad7a5a213a5e7e00b962531ca6b07992a06bd8c2fc2ac5ae23c51b,Books,100.65,2,2024-05-09,COMPLETED,Central,0
419,CUST8475,0e769600933790607b2a13b33ddfade0fa17810eb62c3b28ee23e59516516491,Books,1589.4,10,2024-08-16,COMPLETED,South,0
420,CUST8270,63dceb8800b2dd4af9567a1f54f03b7c3dbdc27fac4799091ebfcc4928899ee5,Electronics,1596.21,4,2024-09-30,COMPLETED,Central,0
421,CUST2261,9d948c73e0ad7a5a213a5e7e00b962531ca6b07992a06bd8c2fc2ac5ae23c51b,Books,147.8,7,2024-10-11,COMPLETED,East,0
422,CUST5363,dc34efd49ed738bf4500db367292164166989cb15773026e9e185b78292bbc89,Clothing,1235.21,8,2024-08-15,COMPLETED,Central,0
423,CUST5765,8189b8409b18b1ef215ec2f2d8da515cdc7cc21a4b7cd35482b66bede2275d02,Groceries,1060.68,1,2024-04-27,COMPLETED,East,0
424,CUST2132,f1c1f57728f932efde20e53703ee5f96b1cebdc15b8578b7faa727c89dbfe03f,Groceries,1911.42,2,2024-04-20,COMPLETED,West,0
425,CUST8439,1b9bc7b7376e6c5c0f1042dfdd42ac68017d8cee72988967d7c670d40c466c85,Groceries,146.16,2,2024-01-12,COMPLETED,Central,0
426,CUST2995,b5efa9ec3f5f8d45fc05aa5c0a835177e24211b8fda91dd28f258f765f3edb27,Clothing,587.39,7,2024-05-25,COMPLETED,South,0
427,CUST8942,63dceb8800b2dd4af9567a1f54f03b7c3dbdc27fac4799091ebfcc4928899ee5,Electronics,884.78,9,2024-11-17,COMPLETED,South,0
428,CUST9251,efa9a3729d47c5c47c0c763107f82dbeb8ba63e479274b2661edf418850791fb,Books,460.54,2,2024-02-28,COMPLETED,East,0
429,CUST7992,86df32cf524cade04ae84fff930d96d10f8a66fd1822200416cd8f11e842160e,Electronics,37.64,4,2024-09-10,COMPLETED,South,0
430,CUST9088,210e51e019366706681f12e78b4f8396fb598b04074eb44faf0a8ad6a6930a70,Furniture,98.17,9,2024-12-01,COMPLETED,East,0
431,CUST7854,e074763cb375d9abd33d16d13586d68714c4a9c215cbd3391f7706c038403b4b,Clothing,1637.81,7,2024-03-30,COMPLETED,Central,0
432,CUST3959,210e51e019366706681f12e78b4f8396fb598b04074eb44faf0a8ad6a6930a70,Furniture,354.77,6,2024-10-22,COMPLETED,East,0
433,CUST5860,643aa97e949c9c353aaff710e5adddb2017ecf3ae9d5cf563bc85c18e5d3aa2c,Furniture,564.68,6,2024-07-11,COMPLETED,East,0
434,CUST2651,e882154bb2efd87356681a6ed0485cb51511d9e61f17235aebd7830fbe91e1c0,Groceries,414.44,4,2024-10-30,COMPLETED,Central,0
435,CUST1171,e074763cb375d9abd33d16d13586d68714c4a9c215cbd3391f7706c038403b4b,Clothing,1807.5,8,2024-07-11,COMPLETED,South,0
436,CUST4470,e155ec294b8d6651edb44cdf076b10da94971a3c882d1cf2a28750a1c051eb78,Clothing,971.27,9,2024-12-13,COMPLETED,West,0
437,CUST2334,86df32cf524cade04ae84fff930d96d10f8a66fd1822200416cd8f11e842160e,Electronics,978.43,4,2024-07-27,COMPLETED,East,0
438,CUST3510,e155ec294b8d6651edb44cdf076b10da94971a3c882d1cf2a28750a1c051eb78,Clothing,290.68,10,2024-04-04,COMPLETED,East,0
439,CUST8158,f816a74c2310179d8785838dfadd3f6fdaf7e857cce144acd6433199c8fa53d3,Furniture,1524.49,3,2024-04-30,COMPLETED,North,0
440,CUST1711,86df32cf524cade04ae84fff930d96d10f8a66fd1822200416cd8f11e842160e,Electronics,795.76,5,2024-11-16,COMPLETED,East,0
441,CUST3657,210e51e019366706681f12e78b4f8396fb598b04074eb44faf0a8ad6a6930a70,Furniture,1518.97,6,2024-10-11,COMPLETED,South,0
442,CUST2134,4e84b8359beaed1f56f2925ad1cab0486441525f195f640c7a81545bd1eb3039,Clothing,1946.76,4,2024-09-21,COMPLETED,West,0
443,CUST3708,210e51e019366706681f12e78b4f8396fb598b04074eb44faf0a8ad6a6930a70,Furniture,1842.95,4,2024-03-03,COMPLETED,East,0
444,CUST5333,e074763cb375d9abd33d16d13586d68714c4a9c215cbd3391f7706c038403b4b,Clothing,1000.34,8,2024-04-28,COMPLETED,North,0
445,CUST3514,f56648cd7573460b58fb9642f7e660b6d095ef1e7235f65464f6a3df763728de,Furniture,745.87,10,2024-05-11,COMPLETED,West,0
446,CUST8324,e34a879c8b8b67effd9e14878e1443829419cf2aba09a03252d2a4f137e49941,Electronics,1587.93,1,2024-02-20,COMPLETED,North,0
447,CUST7779,e155ec294b8d6651edb44cdf076b10da94971a3c882d1cf2a28750a1c051eb78,Clothing,1050.35,7,2024-12-30,COMPLETED,East,0
448,CUST8734,8189b8409b18b1ef215ec2f2d8da515cdc7cc21a4b7cd35482b66bede2275d02,Groceries,648.6,3,2024-12-04,COMPLETED,South,0
449,CUST8178,15af50a07d8a67856f62249fbb016130df248453189ff665c863634ef7a76bfd,Electronics,560.79,9,2024-12-04,COMPLETED,Central,0
450,CUST6236,dc34efd49ed738bf4500db367292164166989cb15773026e9e185b78292bbc89,Clothing,1149.93,3,2024-04-20,COMPLETED,Central,0
451,CUST8705,e882154bb2efd87356681a6ed0485cb51511d9e61f17235aebd7830fbe91e1c0,Groceries,1242.56,4,2024-01-20,COMPLETED,North,0
452,CUST5573,4e84b8359beaed1f56f2925ad1cab0486441525f195f640c7a81545bd1eb3039,Clothing,386.21,1,2024-11-02,COMPLETED,West,0
453,CUST9971,f1c1f57728f932efde20e53703ee5f96b1cebdc15b8578b7faa727c89dbfe03f,Groceries,1440.46,10,2024-09-04,COMPLETED,North,0
454,CUST4676,8189b8409b18b1ef215ec2f2d8da515cdc7cc21a4b7cd35482b66bede2275d02,Groceries,575.02,8,2024-04-26,COMPLETED,West,0
455,CUST7857,210e51e019366706681f12e78b4f8396fb598b04074eb44faf0a8ad6a6930a70,Furniture,1122.64,8,2024-03-30,COMPLETED,South,0
456,CUST3156,e155ec294b8d6651edb44cdf076b10da94971a3c882d1cf2a28750a1c051eb78,Clothing,1255.95,4,2024-01-30,COMPLETED,Central,0
457,CUST3385,e155ec294b8d6651edb44cdf076b10da94971a3c882d1cf2a28750a1c051eb78,Clothing,1637.23,9,2024-09-24,COMPLETED,East,0
458,CUST4141,942dbeda91719a578e95f5d395aee8f7d9f4dcfbcfd27b18e61e9685d6fcad24,Books,252.32,2,2024-07-30,COMPLETED,North,0
459,CUST3300,f816a74c2310179d8785838dfadd3f6fdaf7e857cce144acd6433199c8fa53d3,Furniture,929.78,4,2024-01-14,COMPLETED,South,0
460,CUST8691,dc34efd49ed738bf4500db367292164166989cb15773026e9e185b78292bbc89,Clothing,81.91,7,2024-03-24,COMPLETED,East,0
461,CUST3830,dc34efd49ed738bf4500db367292164166989cb15773026e9e185b78292bbc89,Clothing,31.66,6,2024-10-03,COMPLETED,West,0
462,CUST6397,4e84b8359beaed1f56f2925ad1cab0486441525f195f640c7a81545bd1eb3039,Clothing,347.64,10,2024-12-04,COMPLETED,South,0
463,CUST4923,a6f10bde1cb3b4d0c3a51b3bf3746c41920093f27b8c5a9f438e31903810099e,Books,940.32,6,2024-01-26,COMPLETED,Central,0
464,CUST2188,15af50a07d8a67856f62249fbb016130df248453189ff665c863634ef7a76bfd,Electronics,990.23,8,2024-08-20,COMPLETED,East,0
465,CUST5077,e882154bb2efd87356681a6ed0485cb51511d9e61f17235aebd7830fbe91e1c0,Groceries,1976.08,1,2024-10-25,COMPLETED,East,0
466,CUST2715,9d948c73e0ad7a5a213a5e7e00b962531ca6b07992a06bd8c2fc2ac5ae23c51b,Books,260.5,4,2024-02-02,COMPLETED,South,0
467,CUST6582,f1c1f57728f932efde20e53703ee5f96b1cebdc15b8578b7faa727c89dbfe03f,Groceries,1424.99,4,2024-02-29,COMPLETED,Central,0
468,CUST6163,1b9bc7b7376e6c5c0f1042dfdd42ac68017d8cee72988967d7c670d40c466c85,Groceries,78.17,8,2024-11-09,COMPLETED,Central,0
469,CUST9171,6c455f5e6343aad487017e00afd6e0b8ba5b3f2adc65ed8d9de409844a7def13,Groceries,495.57,3,2024-04-01,COMPLETED,Central,0
470,CUST7714,4e84b8359beaed1f56f2925ad1cab0486441525f195f640c7a81545bd1eb3039,Clothing,846.93,6,2024-02-20,COMPLETED,North,0
471,CUST6104,f1c1f57728f932efde20e53703ee5f96b1cebdc15b8578b7faa727c89dbfe03f,Groceries,1587.27,7,2024-11-01,COMPLETED,Central,0
472,CUST7288,efa9a3729d47c5c47c0c763107f82dbeb8ba63e479274b2661edf418850791fb,Books,379.47,7,2024-07-17,COMPLETED,South,0
473,CUST1907,e074763cb375d9abd33d16d13586d68714c4a9c215cbd3391f7706c038403b4b,Clothing,49.04,1,2024-09-05,COMPLETED,North,0
474,CUST3163,e155ec294b8d6651edb44cdf076b10da94971a3c882d1cf2a28750a1c051eb78,Clothing,1441.05,7,2024-01-23,COMPLETED,North,0
475,CUST6753,210e51e019366706681f12e78b4f8396fb598b04074eb44faf0a8ad6a6930a70,Furniture,870.58,4,2024-04-08,COMPLETED,South,0
476,CUST8039,4e84b8359beaed1f56f2925ad1cab0486441525f195f640c7a81545bd1eb3039,Clothing,1258.14,2,2024-03-27,COMPLETED,West,0
477,CUST3724,4e84b8359beaed1f56f2925ad1cab0486441525f195f640c7a81545bd1eb3039,Clothing,1550.1,1,2024-07-12,COMPLETED,Central,0
478,CUST9424,643aa97e949c9c353aaff710e5adddb2017ecf3ae9d5cf563bc85c18e5d3aa2c,Furniture,318.94,4,2024-07-09,COMPLETED,East,0
479,CUST9451,b5efa9ec3f5f8d45fc05aa5c0a835177e24211b8fda91dd28f258f765f3edb27,Clothing,1443.65,3,2024-03-05,COMPLETED,West,0
480,CUST7481,e882154bb2efd87356681a6ed0485cb51511d9e61f17235aebd7830fbe91e1c0,Groceries,1314.66,9,2024-02-06,COMPLETED,East,0
481,CUST6466,0e769600933790607b2a13b33ddfade0fa17810eb62c3b28ee23e59516516491,Books,1377.98,5,2024-02-18,COMPLETED,East,0
482,CUST8368,86df32cf524cade04ae84fff930d96d10f8a66fd1822200416cd8f11e842160e,Electronics,1025.0,5,2024-02-01,COMPLETED,South,0
483,CUST7631,a6f10bde1cb3b4d0c3a51b3bf3746c41920093f27b8c5a9f438e31903810099e,Books,135.74,8,2024-07-24,COMPLETED,Central,0
484,CUST4490,e155ec294b8d6651edb44cdf076b10da94971a3c882d1cf2a28750a1c051eb78,Clothing,1472.61,9,2024-12-18,COMPLETED,East,0
485,CUST6247,15af50a07d8a67856f62249fbb016130df248453189ff665c863634ef7a76bfd,Electronics,234.2,8,2024-07-30,COMPLETED,West,0
486,CUST6837,e34a879c8b8b67effd9e14878e1443829419cf2aba09a03252d2a4f137e49941,Electronics,37.1,5,2024-06-25,COMPLETED,West,0
487,CUST3340,e155ec294b8d6651edb44cdf076b10da94971a3c882d1cf2a28750a1c051eb78,Clothing,219.87,4,2024-08-09,COMPLETED,West,0
488,CUST7392,dc34efd49ed738bf4500db367292164166989cb15773026e9e185b78292bbc89,Clothing,1154.01,1,2024-02-21,COMPLETED,South,0
489,CUST9100,0e769600933790607b2a13b33ddfade0fa17810eb62c3b28ee23e59516516491,Books,1114.61,8,2024-04-21,COMPLETED,East,0
490,CUST8976,efa9a3729d47c5c47c0c763107f82dbeb8ba63e479274b2661edf418850791fb,Books,650.3,4,2024-03-14,COMPLETED,Central,0
491,CUST2914,dc34efd49ed738bf4500db367292164166989cb15773026e9e185b78292bbc89,Clothing,908.7,7,2024-05-25,COMPLETED,Central,0
492,CUST6536,efa9a3729d47c5c47c0c763107f82dbeb8ba63e479274b2661edf418850791fb,Books,1158.06,5,2024-10-01,COMPLETED,South,0
493,CUST5543,0e769600933790607b2a13b33ddfade0fa17810eb62c3b28ee23e59516516491,Books,549.23,9,2024-12-13,COMPLETED,Central,0
494,CUST3164,210e51e019366706681f12e78b4f8396fb598b04074eb44faf0a8ad6a6930a70,Furniture,1972.51,5,2024-10-10,COMPLETED,South,0
495,CUST7850,0e769600933790607b2a13b33ddfade0fa17810eb62c3b28ee23e59516516491,Books,1479.14,3,2024-08-24,COMPLETED,Central,0
496,CUST7267,942dbeda91719a578e95f5d395aee8f7d9f4dcfbcfd27b18e61e9685d6fcad24,Books,130.29,7,2024-12-20,COMPLETED,North,0
497,CUST6629,e882154bb2efd87356681a6ed0485cb51511d9e61f17235aebd7830fbe91e1c0,Groceries,1870.85,8,2024-05-04,COMPLETED,West,0
498,CUST8132,e155ec294b8d6651edb44cdf076b10da94971a3c882d1cf2a28750a1c051eb78,Clothing,852.03,1,2024-03-22,COMPLETED,West,0
499,CUST6889,0e769600933790607b2a13b33ddfade0fa17810eb62c3b28ee23e59516516491,Books,1844.63,1,2024-06-02,COMPLETED,West,0
500,CUST4900,f1c1f57728f932efde20e53703ee5f96b1cebdc15b8578b7faa727c89dbfe03f,Groceries,1789.06,6,2024-10-30,COMPLETED,North,0
